LOCATION,INDICATOR,SUBJECT,MEASURE,FREQUENCY,TIME,Value,Flag Codes
KOR,QGDP,TOT,PC_CHGPP,Q,2018-Q4,0.700312956,
KOR,QGDP,TOT,PC_CHGPP,Q,2019-Q1,-0.198579317,
KOR,QGDP,TOT,PC_CHGPP,Q,2019-Q2,1.059905534,
KOR,QGDP,TOT,PC_CHGPP,Q,2019-Q3,0.527437881,
KOR,QGDP,TOT,PC_CHGPP,Q,2019-Q4,1.271115777,
KOR,QGDP,TOT,PC_CHGPP,Q,2020-Q1,-1.337455717,
KOR,QGDP,TOT,PC_CHGPP,Q,2020-Q2,-3.026935758,
KOR,QGDP,TOT,PC_CHGPP,Q,2020-Q3,2.347785538,
KOR,QGDP,TOT,PC_CHGPP,Q,2020-Q4,1.213742846,
KOR,QGDP,TOT,PC_CHGPP,Q,2021-Q1,1.724067239,P
KOR,QGDP,TOT,PC_CHGPP,Q,2021-Q2,0.833347929,P
KOR,QGDP,TOT,PC_CHGPP,Q,2021-Q3,0.213238983,P
KOR,QGDP,TOT,PC_CHGPP,Q,2021-Q4,1.33777574,P
KOR,QGDP,TOT,PC_CHGPP,Q,2022-Q1,0.633967885,
KOR,QGDP,TOT,PC_CHGPP,Q,2022-Q2,0.739266758,
KOR,QGDP,TOT,PC_CHGPP,Q,2022-Q3,0.322829368,
KOR,QGDP,TOT,PC_CHGPP,Q,2022-Q4,-0.405779059,
AUS,QGDP,TOT,PC_CHGPP,Q,2018-Q4,0.181309338,
AUS,QGDP,TOT,PC_CHGPP,Q,2019-Q1,0.546689404,
AUS,QGDP,TOT,PC_CHGPP,Q,2019-Q2,0.467051497,
AUS,QGDP,TOT,PC_CHGPP,Q,2019-Q3,0.735377349,
AUS,QGDP,TOT,PC_CHGPP,Q,2019-Q4,0.43242573,
AUS,QGDP,TOT,PC_CHGPP,Q,2020-Q1,-0.168598931,
AUS,QGDP,TOT,PC_CHGPP,Q,2020-Q2,-6.698536857,
AUS,QGDP,TOT,PC_CHGPP,Q,2020-Q3,3.876566221,
AUS,QGDP,TOT,PC_CHGPP,Q,2020-Q4,3.218108013,
AUS,QGDP,TOT,PC_CHGPP,Q,2021-Q1,2.095771949,
AUS,QGDP,TOT,PC_CHGPP,Q,2021-Q2,0.761315198,
AUS,QGDP,TOT,PC_CHGPP,Q,2021-Q3,-1.955563734,
AUS,QGDP,TOT,PC_CHGPP,Q,2021-Q4,3.658784146,
AUS,QGDP,TOT,PC_CHGPP,Q,2022-Q1,0.571061184,
AUS,QGDP,TOT,PC_CHGPP,Q,2022-Q2,0.901970005,
AUS,QGDP,TOT,PC_CHGPP,Q,2022-Q3,0.684904073,
AUS,QGDP,TOT,PC_CHGPP,Q,2022-Q4,0.479896426,
ISL,QGDP,TOT,PC_CHGPP,Q,2018-Q4,2.670331951,
ISL,QGDP,TOT,PC_CHGPP,Q,2019-Q1,-0.619228742,
ISL,QGDP,TOT,PC_CHGPP,Q,2019-Q2,0.424519614,
ISL,QGDP,TOT,PC_CHGPP,Q,2019-Q3,-1.09733248,
ISL,QGDP,TOT,PC_CHGPP,Q,2019-Q4,2.787268386,
ISL,QGDP,TOT,PC_CHGPP,Q,2020-Q1,-6.052123546,
ISL,QGDP,TOT,PC_CHGPP,Q,2020-Q2,-6.668670574,
ISL,QGDP,TOT,PC_CHGPP,Q,2020-Q3,3.140361555,
ISL,QGDP,TOT,PC_CHGPP,Q,2020-Q4,2.874924009,
ISL,QGDP,TOT,PC_CHGPP,Q,2021-Q1,-2.38689818,
ISL,QGDP,TOT,PC_CHGPP,Q,2021-Q2,3.418195593,
ISL,QGDP,TOT,PC_CHGPP,Q,2021-Q3,2.642689582,
ISL,QGDP,TOT,PC_CHGPP,Q,2021-Q4,3.511719095,
ISL,QGDP,TOT,PC_CHGPP,Q,2022-Q1,-1.472015764,
ISL,QGDP,TOT,PC_CHGPP,Q,2022-Q2,3.220668575,
ISL,QGDP,TOT,PC_CHGPP,Q,2022-Q3,0.235724205,
ISL,QGDP,TOT,PC_CHGPP,Q,2022-Q4,2.184471979,
GBR,QGDP,TOT,PC_CHGPP,Q,2018-Q4,0.257173624,
GBR,QGDP,TOT,PC_CHGPP,Q,2019-Q1,0.630363596,
GBR,QGDP,TOT,PC_CHGPP,Q,2019-Q2,0.109963441,
GBR,QGDP,TOT,PC_CHGPP,Q,2019-Q3,0.610854174,
GBR,QGDP,TOT,PC_CHGPP,Q,2019-Q4,-0.025112203,
GBR,QGDP,TOT,PC_CHGPP,Q,2020-Q1,-2.640828448,
GBR,QGDP,TOT,PC_CHGPP,Q,2020-Q2,-20.991372606,
GBR,QGDP,TOT,PC_CHGPP,Q,2020-Q3,16.608614293,
GBR,QGDP,TOT,PC_CHGPP,Q,2020-Q4,1.213880983,
GBR,QGDP,TOT,PC_CHGPP,Q,2021-Q1,-1.052939341,
GBR,QGDP,TOT,PC_CHGPP,Q,2021-Q2,6.52844295,
GBR,QGDP,TOT,PC_CHGPP,Q,2021-Q3,1.733513287,
GBR,QGDP,TOT,PC_CHGPP,Q,2021-Q4,1.525013404,
GBR,QGDP,TOT,PC_CHGPP,Q,2022-Q1,0.45780531,
GBR,QGDP,TOT,PC_CHGPP,Q,2022-Q2,0.103523569,
GBR,QGDP,TOT,PC_CHGPP,Q,2022-Q3,-0.163996716,
GBR,QGDP,TOT,PC_CHGPP,Q,2022-Q4,0.013643961,
EST,QGDP,TOT,PC_CHGPP,Q,2018-Q4,1.107363616,
EST,QGDP,TOT,PC_CHGPP,Q,2019-Q1,1.52625045,
EST,QGDP,TOT,PC_CHGPP,Q,2019-Q2,0.166899258,
EST,QGDP,TOT,PC_CHGPP,Q,2019-Q3,0.294782865,
EST,QGDP,TOT,PC_CHGPP,Q,2019-Q4,1.155286906,
EST,QGDP,TOT,PC_CHGPP,Q,2020-Q1,0.716076379,
EST,QGDP,TOT,PC_CHGPP,Q,2020-Q2,-6.730633713,
EST,QGDP,TOT,PC_CHGPP,Q,2020-Q3,4.671274198,
EST,QGDP,TOT,PC_CHGPP,Q,2020-Q4,2.707695042,
EST,QGDP,TOT,PC_CHGPP,Q,2021-Q1,2.859526236,
EST,QGDP,TOT,PC_CHGPP,Q,2021-Q2,2.657105027,
EST,QGDP,TOT,PC_CHGPP,Q,2021-Q3,0.593041205,
EST,QGDP,TOT,PC_CHGPP,Q,2021-Q4,0.415665546,
EST,QGDP,TOT,PC_CHGPP,Q,2022-Q1,-0.402566317,
EST,QGDP,TOT,PC_CHGPP,Q,2022-Q2,-1.154160213,
EST,QGDP,TOT,PC_CHGPP,Q,2022-Q3,-1.297025594,
EST,QGDP,TOT,PC_CHGPP,Q,2022-Q4,-1.636818252,
DNK,QGDP,TOT,PC_CHGPP,Q,2018-Q4,0.499343436,
DNK,QGDP,TOT,PC_CHGPP,Q,2019-Q1,-0.218153226,
DNK,QGDP,TOT,PC_CHGPP,Q,2019-Q2,1.005162313,
DNK,QGDP,TOT,PC_CHGPP,Q,2019-Q3,0.45731937,
DNK,QGDP,TOT,PC_CHGPP,Q,2019-Q4,-0.304154136,
DNK,QGDP,TOT,PC_CHGPP,Q,2020-Q1,-0.426986992,
DNK,QGDP,TOT,PC_CHGPP,Q,2020-Q2,-6.116889166,
DNK,QGDP,TOT,PC_CHGPP,Q,2020-Q3,5.705443025,
DNK,QGDP,TOT,PC_CHGPP,Q,2020-Q4,0.367204563,
DNK,QGDP,TOT,PC_CHGPP,Q,2021-Q1,0.6876156,
DNK,QGDP,TOT,PC_CHGPP,Q,2021-Q2,2.038325768,
DNK,QGDP,TOT,PC_CHGPP,Q,2021-Q3,0.689358592,
DNK,QGDP,TOT,PC_CHGPP,Q,2021-Q4,3.0059592,
DNK,QGDP,TOT,PC_CHGPP,Q,2022-Q1,-0.702243542,
DNK,QGDP,TOT,PC_CHGPP,Q,2022-Q2,1.348290202,
DNK,QGDP,TOT,PC_CHGPP,Q,2022-Q3,-0.005322544,
DNK,QGDP,TOT,PC_CHGPP,Q,2022-Q4,0.854552583,
ESP,QGDP,TOT,PC_CHGPP,Q,2018-Q4,0.659258956,
ESP,QGDP,TOT,PC_CHGPP,Q,2019-Q1,0.608861527,
ESP,QGDP,TOT,PC_CHGPP,Q,2019-Q2,0.346200217,
ESP,QGDP,TOT,PC_CHGPP,Q,2019-Q3,0.295000101,
ESP,QGDP,TOT,PC_CHGPP,Q,2019-Q4,0.217169436,
ESP,QGDP,TOT,PC_CHGPP,Q,2020-Q1,-5.48725517,P
ESP,QGDP,TOT,PC_CHGPP,Q,2020-Q2,-17.826255917,P
ESP,QGDP,TOT,PC_CHGPP,Q,2020-Q3,16.637933629,P
ESP,QGDP,TOT,PC_CHGPP,Q,2020-Q4,-0.058975087,P
ESP,QGDP,TOT,PC_CHGPP,Q,2021-Q1,-0.228663315,P
ESP,QGDP,TOT,PC_CHGPP,Q,2021-Q2,1.352205559,P
ESP,QGDP,TOT,PC_CHGPP,Q,2021-Q3,3.108188446,P
ESP,QGDP,TOT,PC_CHGPP,Q,2021-Q4,2.26529089,P
ESP,QGDP,TOT,PC_CHGPP,Q,2022-Q1,-0.011760433,P
ESP,QGDP,TOT,PC_CHGPP,Q,2022-Q2,2.243047556,P
ESP,QGDP,TOT,PC_CHGPP,Q,2022-Q3,0.214511681,P
ESP,QGDP,TOT,PC_CHGPP,Q,2022-Q4,0.224518804,P
JPN,QGDP,TOT,PC_CHGPP,Q,2018-Q4,-0.134652576,
JPN,QGDP,TOT,PC_CHGPP,Q,2019-Q1,0.213160491,
JPN,QGDP,TOT,PC_CHGPP,Q,2019-Q2,0.322505932,
JPN,QGDP,TOT,PC_CHGPP,Q,2019-Q3,0.231621786,
JPN,QGDP,TOT,PC_CHGPP,Q,2019-Q4,-2.74340371,
JPN,QGDP,TOT,PC_CHGPP,Q,2020-Q1,0.418271128,
JPN,QGDP,TOT,PC_CHGPP,Q,2020-Q2,-7.943970553,
JPN,QGDP,TOT,PC_CHGPP,Q,2020-Q3,5.628609989,
JPN,QGDP,TOT,PC_CHGPP,Q,2020-Q4,1.881870431,
JPN,QGDP,TOT,PC_CHGPP,Q,2021-Q1,-0.165087422,
JPN,QGDP,TOT,PC_CHGPP,Q,2021-Q2,0.347472292,
JPN,QGDP,TOT,PC_CHGPP,Q,2021-Q3,-0.358150705,
JPN,QGDP,TOT,PC_CHGPP,Q,2021-Q4,1.110855207,
JPN,QGDP,TOT,PC_CHGPP,Q,2022-Q1,-0.465339449,
JPN,QGDP,TOT,PC_CHGPP,Q,2022-Q2,1.150092019,
JPN,QGDP,TOT,PC_CHGPP,Q,2022-Q3,-0.267809916,
JPN,QGDP,TOT,PC_CHGPP,Q,2022-Q4,0.02334399,
OECD,QGDP,TOT,PC_CHGPP,Q,2018-Q4,0.221854146,
OECD,QGDP,TOT,PC_CHGPP,Q,2019-Q1,0.551619474,
OECD,QGDP,TOT,PC_CHGPP,Q,2019-Q2,0.558858068,
OECD,QGDP,TOT,PC_CHGPP,Q,2019-Q3,0.522403399,
OECD,QGDP,TOT,PC_CHGPP,Q,2019-Q4,0.038671811,
OECD,QGDP,TOT,PC_CHGPP,Q,2020-Q1,-1.630777897,
OECD,QGDP,TOT,PC_CHGPP,Q,2020-Q2,-10.323705116,
OECD,QGDP,TOT,PC_CHGPP,Q,2020-Q3,9.442485755,
OECD,QGDP,TOT,PC_CHGPP,Q,2020-Q4,1.048166937,
OECD,QGDP,TOT,PC_CHGPP,Q,2021-Q1,0.857296978,
OECD,QGDP,TOT,PC_CHGPP,Q,2021-Q2,1.71007989,
OECD,QGDP,TOT,PC_CHGPP,Q,2021-Q3,1.180031541,
OECD,QGDP,TOT,PC_CHGPP,Q,2021-Q4,1.403655826,
OECD,QGDP,TOT,PC_CHGPP,Q,2022-Q1,0.217320416,
OECD,QGDP,TOT,PC_CHGPP,Q,2022-Q2,0.472440397,
OECD,QGDP,TOT,PC_CHGPP,Q,2022-Q3,0.4496974,
OECD,QGDP,TOT,PC_CHGPP,Q,2022-Q4,0.2,
NOR,QGDP,TOT,PC_CHGPP,Q,2018-Q4,0.033674237,
NOR,QGDP,TOT,PC_CHGPP,Q,2019-Q1,-0.443113704,
NOR,QGDP,TOT,PC_CHGPP,Q,2019-Q2,0.859924439,
NOR,QGDP,TOT,PC_CHGPP,Q,2019-Q3,0.568205142,
NOR,QGDP,TOT,PC_CHGPP,Q,2019-Q4,0.828953858,
NOR,QGDP,TOT,PC_CHGPP,Q,2020-Q1,-1.255304937,
NOR,QGDP,TOT,PC_CHGPP,Q,2020-Q2,-5.467467939,
NOR,QGDP,TOT,PC_CHGPP,Q,2020-Q3,4.326985049,
NOR,QGDP,TOT,PC_CHGPP,Q,2020-Q4,1.429312099,
NOR,QGDP,TOT,PC_CHGPP,Q,2021-Q1,-0.611004919,
NOR,QGDP,TOT,PC_CHGPP,Q,2021-Q2,1.304549026,
NOR,QGDP,TOT,PC_CHGPP,Q,2021-Q3,3.311582511,
NOR,QGDP,TOT,PC_CHGPP,Q,2021-Q4,0.650870801,
NOR,QGDP,TOT,PC_CHGPP,Q,2022-Q1,-0.803461332,
NOR,QGDP,TOT,PC_CHGPP,Q,2022-Q2,1.128410086,
NOR,QGDP,TOT,PC_CHGPP,Q,2022-Q3,1.294237392,
NOR,QGDP,TOT,PC_CHGPP,Q,2022-Q4,0.19486544,
HUN,QGDP,TOT,PC_CHGPP,Q,2018-Q4,1.029021115,
HUN,QGDP,TOT,PC_CHGPP,Q,2019-Q1,1.923619092,
HUN,QGDP,TOT,PC_CHGPP,Q,2019-Q2,0.329867653,
HUN,QGDP,TOT,PC_CHGPP,Q,2019-Q3,1.405763416,
HUN,QGDP,TOT,PC_CHGPP,Q,2019-Q4,0.582598599,
HUN,QGDP,TOT,PC_CHGPP,Q,2020-Q1,-0.628566634,
HUN,QGDP,TOT,PC_CHGPP,Q,2020-Q2,-14.363494977,
HUN,QGDP,TOT,PC_CHGPP,Q,2020-Q3,11.869261972,
HUN,QGDP,TOT,PC_CHGPP,Q,2020-Q4,1.595091332,
HUN,QGDP,TOT,PC_CHGPP,Q,2021-Q1,1.048661394,
HUN,QGDP,TOT,PC_CHGPP,Q,2021-Q2,2.283218903,
HUN,QGDP,TOT,PC_CHGPP,Q,2021-Q3,1.536038724,
HUN,QGDP,TOT,PC_CHGPP,Q,2021-Q4,2.425776499,
HUN,QGDP,TOT,PC_CHGPP,Q,2022-Q1,1.411451506,
HUN,QGDP,TOT,PC_CHGPP,Q,2022-Q2,0.625881975,
HUN,QGDP,TOT,PC_CHGPP,Q,2022-Q3,-0.742659473,
HUN,QGDP,TOT,PC_CHGPP,Q,2022-Q4,-0.439752745,
CAN,QGDP,TOT,PC_CHGPP,Q,2018-Q4,0.340869542,
CAN,QGDP,TOT,PC_CHGPP,Q,2019-Q1,0.07075927,
CAN,QGDP,TOT,PC_CHGPP,Q,2019-Q2,0.988110124,
CAN,QGDP,TOT,PC_CHGPP,Q,2019-Q3,0.374026535,
CAN,QGDP,TOT,PC_CHGPP,Q,2019-Q4,0.326868383,
CAN,QGDP,TOT,PC_CHGPP,Q,2020-Q1,-2.128337649,
CAN,QGDP,TOT,PC_CHGPP,Q,2020-Q2,-10.928273391,
CAN,QGDP,TOT,PC_CHGPP,Q,2020-Q3,9.017921364,
CAN,QGDP,TOT,PC_CHGPP,Q,2020-Q4,2.130500855,
CAN,QGDP,TOT,PC_CHGPP,Q,2021-Q1,1.308902555,
CAN,QGDP,TOT,PC_CHGPP,Q,2021-Q2,-0.588596311,
CAN,QGDP,TOT,PC_CHGPP,Q,2021-Q3,1.430867107,
CAN,QGDP,TOT,PC_CHGPP,Q,2021-Q4,1.671567869,
CAN,QGDP,TOT,PC_CHGPP,Q,2022-Q1,0.592250083,
CAN,QGDP,TOT,PC_CHGPP,Q,2022-Q2,0.881775267,
CAN,QGDP,TOT,PC_CHGPP,Q,2022-Q3,0.576116387,
CAN,QGDP,TOT,PC_CHGPP,Q,2022-Q4,0.009973958,
ARG,QGDP,TOT,PC_CHGPP,Q,2018-Q4,-1.417682449,
ARG,QGDP,TOT,PC_CHGPP,Q,2019-Q1,0.078556317,
ARG,QGDP,TOT,PC_CHGPP,Q,2019-Q2,0.783684064,
ARG,QGDP,TOT,PC_CHGPP,Q,2019-Q3,0.163029134,
ARG,QGDP,TOT,PC_CHGPP,Q,2019-Q4,-1.531483889,
ARG,QGDP,TOT,PC_CHGPP,Q,2020-Q1,-4.266027871,
ARG,QGDP,TOT,PC_CHGPP,Q,2020-Q2,-14.975655896,
ARG,QGDP,TOT,PC_CHGPP,Q,2020-Q3,11.893161342,
ARG,QGDP,TOT,PC_CHGPP,Q,2020-Q4,4.53939723,
ARG,QGDP,TOT,PC_CHGPP,Q,2021-Q1,3.452561206,
ARG,QGDP,TOT,PC_CHGPP,Q,2021-Q2,-0.787434564,
ARG,QGDP,TOT,PC_CHGPP,Q,2021-Q3,3.862045315,
ARG,QGDP,TOT,PC_CHGPP,Q,2021-Q4,1.961825186,
ARG,QGDP,TOT,PC_CHGPP,Q,2022-Q1,1.039519439,
ARG,QGDP,TOT,PC_CHGPP,Q,2022-Q2,1.006364289,
ARG,QGDP,TOT,PC_CHGPP,Q,2022-Q3,1.700061575,
SVN,QGDP,TOT,PC_CHGPP,Q,2018-Q4,1.197778768,
SVN,QGDP,TOT,PC_CHGPP,Q,2019-Q1,0.600341684,
SVN,QGDP,TOT,PC_CHGPP,Q,2019-Q2,-0.348842189,
SVN,QGDP,TOT,PC_CHGPP,Q,2019-Q3,1.637562552,
SVN,QGDP,TOT,PC_CHGPP,Q,2019-Q4,1.195492999,
SVN,QGDP,TOT,PC_CHGPP,Q,2020-Q1,-4.750814696,
SVN,QGDP,TOT,PC_CHGPP,Q,2020-Q2,-9.736607524,
SVN,QGDP,TOT,PC_CHGPP,Q,2020-Q3,12.975616642,
SVN,QGDP,TOT,PC_CHGPP,Q,2020-Q4,-1.262466085,
SVN,QGDP,TOT,PC_CHGPP,Q,2021-Q1,1.722026132,
SVN,QGDP,TOT,PC_CHGPP,Q,2021-Q2,1.985756447,
SVN,QGDP,TOT,PC_CHGPP,Q,2021-Q3,2.885785586,
SVN,QGDP,TOT,PC_CHGPP,Q,2021-Q4,3.385208508,
SVN,QGDP,TOT,PC_CHGPP,Q,2022-Q1,1.037738005,
SVN,QGDP,TOT,PC_CHGPP,Q,2022-Q2,0.798025906,
SVN,QGDP,TOT,PC_CHGPP,Q,2022-Q3,-1.277360218,
SVN,QGDP,TOT,PC_CHGPP,Q,2022-Q4,0.786094636,
FIN,QGDP,TOT,PC_CHGPP,Q,2018-Q4,0.019417133,
FIN,QGDP,TOT,PC_CHGPP,Q,2019-Q1,0.698881084,
FIN,QGDP,TOT,PC_CHGPP,Q,2019-Q2,0.851764871,
FIN,QGDP,TOT,PC_CHGPP,Q,2019-Q3,0.012164604,
FIN,QGDP,TOT,PC_CHGPP,Q,2019-Q4,-0.182446873,
FIN,QGDP,TOT,PC_CHGPP,Q,2020-Q1,-0.235003307,
FIN,QGDP,TOT,PC_CHGPP,Q,2020-Q2,-6.265812846,
FIN,QGDP,TOT,PC_CHGPP,Q,2020-Q3,4.895755771,
FIN,QGDP,TOT,PC_CHGPP,Q,2020-Q4,0.814551908,
FIN,QGDP,TOT,PC_CHGPP,Q,2021-Q1,-0.112658206,
FIN,QGDP,TOT,PC_CHGPP,Q,2021-Q2,1.43801216,
FIN,QGDP,TOT,PC_CHGPP,Q,2021-Q3,0.912075885,
FIN,QGDP,TOT,PC_CHGPP,Q,2021-Q4,0.936542368,
FIN,QGDP,TOT,PC_CHGPP,Q,2022-Q1,0.211495821,
FIN,QGDP,TOT,PC_CHGPP,Q,2022-Q2,0.629744358,
FIN,QGDP,TOT,PC_CHGPP,Q,2022-Q3,-0.142074285,
FIN,QGDP,TOT,PC_CHGPP,Q,2022-Q4,-0.577574526,
BRA,QGDP,TOT,PC_CHGPP,Q,2018-Q4,-0.350332594,
BRA,QGDP,TOT,PC_CHGPP,Q,2019-Q1,0.318199037,
BRA,QGDP,TOT,PC_CHGPP,Q,2019-Q2,0.659094931,
BRA,QGDP,TOT,PC_CHGPP,Q,2019-Q3,0.075755991,
BRA,QGDP,TOT,PC_CHGPP,Q,2019-Q4,0.648996545,
BRA,QGDP,TOT,PC_CHGPP,Q,2020-Q1,-2.209520295,
BRA,QGDP,TOT,PC_CHGPP,Q,2020-Q2,-8.712336509,
BRA,QGDP,TOT,PC_CHGPP,Q,2020-Q3,7.951020086,
BRA,QGDP,TOT,PC_CHGPP,Q,2020-Q4,3.370351143,
BRA,QGDP,TOT,PC_CHGPP,Q,2021-Q1,1.049073357,
BRA,QGDP,TOT,PC_CHGPP,Q,2021-Q2,-0.303263951,
BRA,QGDP,TOT,PC_CHGPP,Q,2021-Q3,0.310800531,
BRA,QGDP,TOT,PC_CHGPP,Q,2021-Q4,1.061030288,
BRA,QGDP,TOT,PC_CHGPP,Q,2022-Q1,1.333179069,
BRA,QGDP,TOT,PC_CHGPP,Q,2022-Q2,0.902059,
BRA,QGDP,TOT,PC_CHGPP,Q,2022-Q3,0.278145468,
BRA,QGDP,TOT,PC_CHGPP,Q,2022-Q4,-0.22101115,
NLD,QGDP,TOT,PC_CHGPP,Q,2018-Q4,0.412290043,
NLD,QGDP,TOT,PC_CHGPP,Q,2019-Q1,0.700361236,
NLD,QGDP,TOT,PC_CHGPP,Q,2019-Q2,0.418754818,
NLD,QGDP,TOT,PC_CHGPP,Q,2019-Q3,0.392845441,
NLD,QGDP,TOT,PC_CHGPP,Q,2019-Q4,0.393918051,
NLD,QGDP,TOT,PC_CHGPP,Q,2020-Q1,-1.479569596,P
NLD,QGDP,TOT,PC_CHGPP,Q,2020-Q2,-7.898193754,P
NLD,QGDP,TOT,PC_CHGPP,Q,2020-Q3,6.348572441,P
NLD,QGDP,TOT,PC_CHGPP,Q,2020-Q4,-0.060463078,P
NLD,QGDP,TOT,PC_CHGPP,Q,2021-Q1,0.019217218,P
NLD,QGDP,TOT,PC_CHGPP,Q,2021-Q2,3.745701057,P
NLD,QGDP,TOT,PC_CHGPP,Q,2021-Q3,1.811962365,P
NLD,QGDP,TOT,PC_CHGPP,Q,2021-Q4,0.500202925,P
NLD,QGDP,TOT,PC_CHGPP,Q,2022-Q1,0.354049279,P
NLD,QGDP,TOT,PC_CHGPP,Q,2022-Q2,2.45237301,P
NLD,QGDP,TOT,PC_CHGPP,Q,2022-Q3,-0.15172266,P
NLD,QGDP,TOT,PC_CHGPP,Q,2022-Q4,0.618923924,P
USA,QGDP,TOT,PC_CHGPP,Q,2018-Q4,0.181783198,
USA,QGDP,TOT,PC_CHGPP,Q,2019-Q1,0.54271061,
USA,QGDP,TOT,PC_CHGPP,Q,2019-Q2,0.67300894,
USA,QGDP,TOT,PC_CHGPP,Q,2019-Q3,0.889966473,
USA,QGDP,TOT,PC_CHGPP,Q,2019-Q4,0.443046894,
USA,QGDP,TOT,PC_CHGPP,Q,2020-Q1,-1.175154201,
USA,QGDP,TOT,PC_CHGPP,Q,2020-Q2,-8.484336154,
USA,QGDP,TOT,PC_CHGPP,Q,2020-Q3,7.854483117,
USA,QGDP,TOT,PC_CHGPP,Q,2020-Q4,0.963213279,
USA,QGDP,TOT,PC_CHGPP,Q,2021-Q1,1.542791999,
USA,QGDP,TOT,PC_CHGPP,Q,2021-Q2,1.707015905,
USA,QGDP,TOT,PC_CHGPP,Q,2021-Q3,0.656694491,
USA,QGDP,TOT,PC_CHGPP,Q,2021-Q4,1.69569402,
USA,QGDP,TOT,PC_CHGPP,Q,2022-Q1,-0.410338185,
USA,QGDP,TOT,PC_CHGPP,Q,2022-Q2,-0.144633973,
USA,QGDP,TOT,PC_CHGPP,Q,2022-Q3,0.801155209,
USA,QGDP,TOT,PC_CHGPP,Q,2022-Q4,0.662349699,
SVK,QGDP,TOT,PC_CHGPP,Q,2018-Q4,0.520982547,
SVK,QGDP,TOT,PC_CHGPP,Q,2019-Q1,0.846787785,
SVK,QGDP,TOT,PC_CHGPP,Q,2019-Q2,0.297939777,
SVK,QGDP,TOT,PC_CHGPP,Q,2019-Q3,0.23909939,
SVK,QGDP,TOT,PC_CHGPP,Q,2019-Q4,0.50053476,
SVK,QGDP,TOT,PC_CHGPP,Q,2020-Q1,-2.773327914,
SVK,QGDP,TOT,PC_CHGPP,Q,2020-Q2,-7.406259636,
SVK,QGDP,TOT,PC_CHGPP,Q,2020-Q3,9.207535508,
SVK,QGDP,TOT,PC_CHGPP,Q,2020-Q4,0.438957025,
SVK,QGDP,TOT,PC_CHGPP,Q,2021-Q1,-1.442751033,
SVK,QGDP,TOT,PC_CHGPP,Q,2021-Q2,1.913593264,
SVK,QGDP,TOT,PC_CHGPP,Q,2021-Q3,0.338659369,
SVK,QGDP,TOT,PC_CHGPP,Q,2021-Q4,0.353785599,
SVK,QGDP,TOT,PC_CHGPP,Q,2022-Q1,0.272113552,
SVK,QGDP,TOT,PC_CHGPP,Q,2022-Q2,0.334408606,
SVK,QGDP,TOT,PC_CHGPP,Q,2022-Q3,0.324311213,
SVK,QGDP,TOT,PC_CHGPP,Q,2022-Q4,0.270331441,
MEX,QGDP,TOT,PC_CHGPP,Q,2018-Q4,-0.038753609,P
MEX,QGDP,TOT,PC_CHGPP,Q,2019-Q1,0.050911247,P
MEX,QGDP,TOT,PC_CHGPP,Q,2019-Q2,-0.420066076,P
MEX,QGDP,TOT,PC_CHGPP,Q,2019-Q3,0.20986248,P
MEX,QGDP,TOT,PC_CHGPP,Q,2019-Q4,-0.458604227,P
MEX,QGDP,TOT,PC_CHGPP,Q,2020-Q1,-0.991744942,P
MEX,QGDP,TOT,PC_CHGPP,Q,2020-Q2,-17.765385862,P
MEX,QGDP,TOT,PC_CHGPP,Q,2020-Q3,13.083826987,P
MEX,QGDP,TOT,PC_CHGPP,Q,2020-Q4,4.318031468,P
MEX,QGDP,TOT,PC_CHGPP,Q,2021-Q1,0.416912719,P
MEX,QGDP,TOT,PC_CHGPP,Q,2021-Q2,0.714373124,P
MEX,QGDP,TOT,PC_CHGPP,Q,2021-Q3,-1.133084729,P
MEX,QGDP,TOT,PC_CHGPP,Q,2021-Q4,1.157738351,P
MEX,QGDP,TOT,PC_CHGPP,Q,2022-Q1,1.170427688,P
MEX,QGDP,TOT,PC_CHGPP,Q,2022-Q2,1.082506436,P
MEX,QGDP,TOT,PC_CHGPP,Q,2022-Q3,0.905625045,P
MEX,QGDP,TOT,PC_CHGPP,Q,2022-Q4,0.455300092,P
BEL,QGDP,TOT,PC_CHGPP,Q,2018-Q4,0.977159917,
BEL,QGDP,TOT,PC_CHGPP,Q,2019-Q1,0.257570673,
BEL,QGDP,TOT,PC_CHGPP,Q,2019-Q2,0.545479217,
BEL,QGDP,TOT,PC_CHGPP,Q,2019-Q3,0.727858351,
BEL,QGDP,TOT,PC_CHGPP,Q,2019-Q4,0.603803246,
BEL,QGDP,TOT,PC_CHGPP,Q,2020-Q1,-2.872160024,P
BEL,QGDP,TOT,PC_CHGPP,Q,2020-Q2,-11.39783177,P
BEL,QGDP,TOT,PC_CHGPP,Q,2020-Q3,11.731267216,P
BEL,QGDP,TOT,PC_CHGPP,Q,2020-Q4,-0.527239151,P
BEL,QGDP,TOT,PC_CHGPP,Q,2021-Q1,1.364535083,P
BEL,QGDP,TOT,PC_CHGPP,Q,2021-Q2,1.727122043,P
BEL,QGDP,TOT,PC_CHGPP,Q,2021-Q3,2.32344601,P
BEL,QGDP,TOT,PC_CHGPP,Q,2021-Q4,0.57009132,P
BEL,QGDP,TOT,PC_CHGPP,Q,2022-Q1,0.567734486,P
BEL,QGDP,TOT,PC_CHGPP,Q,2022-Q2,0.543653175,P
BEL,QGDP,TOT,PC_CHGPP,Q,2022-Q3,0.211094577,P
BEL,QGDP,TOT,PC_CHGPP,Q,2022-Q4,0.108778231,P
ISR,QGDP,TOT,PC_CHGPP,Q,2018-Q4,0.816545001,
ISR,QGDP,TOT,PC_CHGPP,Q,2019-Q1,1.713848958,
ISR,QGDP,TOT,PC_CHGPP,Q,2019-Q2,0.404443614,
ISR,QGDP,TOT,PC_CHGPP,Q,2019-Q3,1.16385609,
ISR,QGDP,TOT,PC_CHGPP,Q,2019-Q4,0.852409653,
ISR,QGDP,TOT,PC_CHGPP,Q,2020-Q1,-1.218770045,
ISR,QGDP,TOT,PC_CHGPP,Q,2020-Q2,-8.760464937,
ISR,QGDP,TOT,PC_CHGPP,Q,2020-Q3,8.863303699,
ISR,QGDP,TOT,PC_CHGPP,Q,2020-Q4,2.303684308,
ISR,QGDP,TOT,PC_CHGPP,Q,2021-Q1,-0.310395383,
ISR,QGDP,TOT,PC_CHGPP,Q,2021-Q2,3.975902064,
ISR,QGDP,TOT,PC_CHGPP,Q,2021-Q3,2.039394093,
ISR,QGDP,TOT,PC_CHGPP,Q,2021-Q4,4.448364418,
ISR,QGDP,TOT,PC_CHGPP,Q,2022-Q1,-0.765645614,
ISR,QGDP,TOT,PC_CHGPP,Q,2022-Q2,1.516090605,
ISR,QGDP,TOT,PC_CHGPP,Q,2022-Q3,0.529305626,
ISR,QGDP,TOT,PC_CHGPP,Q,2022-Q4,1.421818857,
TUR,QGDP,TOT,PC_CHGPP,Q,2018-Q4,-3.184115348,
TUR,QGDP,TOT,PC_CHGPP,Q,2019-Q1,1.901026683,
TUR,QGDP,TOT,PC_CHGPP,Q,2019-Q2,2.379951147,
TUR,QGDP,TOT,PC_CHGPP,Q,2019-Q3,0.050625441,
TUR,QGDP,TOT,PC_CHGPP,Q,2019-Q4,1.364629963,
TUR,QGDP,TOT,PC_CHGPP,Q,2020-Q1,0.51983281,
TUR,QGDP,TOT,PC_CHGPP,Q,2020-Q2,-10.371752592,
TUR,QGDP,TOT,PC_CHGPP,Q,2020-Q3,15.649317805,
TUR,QGDP,TOT,PC_CHGPP,Q,2020-Q4,1.084647787,
TUR,QGDP,TOT,PC_CHGPP,Q,2021-Q1,2.616659059,
TUR,QGDP,TOT,PC_CHGPP,Q,2021-Q2,1.994956988,
TUR,QGDP,TOT,PC_CHGPP,Q,2021-Q3,2.714482826,
TUR,QGDP,TOT,PC_CHGPP,Q,2021-Q4,1.575638393,
TUR,QGDP,TOT,PC_CHGPP,Q,2022-Q1,0.732925413,
TUR,QGDP,TOT,PC_CHGPP,Q,2022-Q2,1.845509858,
TUR,QGDP,TOT,PC_CHGPP,Q,2022-Q3,-0.08052983,
TUR,QGDP,TOT,PC_CHGPP,Q,2022-Q4,0.937447501,
IND,QGDP,TOT,PC_CHGPP,Q,2018-Q4,1.47792,
IND,QGDP,TOT,PC_CHGPP,Q,2019-Q1,1.03147,
IND,QGDP,TOT,PC_CHGPP,Q,2019-Q2,1.44419,
IND,QGDP,TOT,PC_CHGPP,Q,2019-Q3,0.56335,
IND,QGDP,TOT,PC_CHGPP,Q,2019-Q4,0.15263,
IND,QGDP,TOT,PC_CHGPP,Q,2020-Q1,0.1068,
IND,QGDP,TOT,PC_CHGPP,Q,2020-Q2,-22.56279,
IND,QGDP,TOT,PC_CHGPP,Q,2020-Q3,22.58889,
IND,QGDP,TOT,PC_CHGPP,Q,2020-Q4,6.30126,
IND,QGDP,TOT,PC_CHGPP,Q,2021-Q1,1.36017,
IND,QGDP,TOT,PC_CHGPP,Q,2021-Q2,-7.57764,
IND,QGDP,TOT,PC_CHGPP,Q,2021-Q3,9.36381,
IND,QGDP,TOT,PC_CHGPP,Q,2021-Q4,1.9399,
IND,QGDP,TOT,PC_CHGPP,Q,2022-Q1,0.80835,
IND,QGDP,TOT,PC_CHGPP,Q,2022-Q2,0.97631,
IND,QGDP,TOT,PC_CHGPP,Q,2022-Q3,1.66457,
IND,QGDP,TOT,PC_CHGPP,Q,2022-Q4,0.69169,
LVA,QGDP,TOT,PC_CHGPP,Q,2018-Q4,0.986960908,
LVA,QGDP,TOT,PC_CHGPP,Q,2019-Q1,0.285755316,
LVA,QGDP,TOT,PC_CHGPP,Q,2019-Q2,0.620646361,
LVA,QGDP,TOT,PC_CHGPP,Q,2019-Q3,-0.035989106,
LVA,QGDP,TOT,PC_CHGPP,Q,2019-Q4,0.387627983,
LVA,QGDP,TOT,PC_CHGPP,Q,2020-Q1,-0.524137872,
LVA,QGDP,TOT,PC_CHGPP,Q,2020-Q2,-6.942597429,
LVA,QGDP,TOT,PC_CHGPP,Q,2020-Q3,5.760761994,
LVA,QGDP,TOT,PC_CHGPP,Q,2020-Q4,1.861892721,
LVA,QGDP,TOT,PC_CHGPP,Q,2021-Q1,-0.674429109,
LVA,QGDP,TOT,PC_CHGPP,Q,2021-Q2,2.196587551,
LVA,QGDP,TOT,PC_CHGPP,Q,2021-Q3,1.023433336,
LVA,QGDP,TOT,PC_CHGPP,Q,2021-Q4,-0.184364844,
LVA,QGDP,TOT,PC_CHGPP,Q,2022-Q1,1.883074262,
LVA,QGDP,TOT,PC_CHGPP,Q,2022-Q2,-0.345534291,
LVA,QGDP,TOT,PC_CHGPP,Q,2022-Q3,-1.027692007,
LVA,QGDP,TOT,PC_CHGPP,Q,2022-Q4,-0.025704139,
CZE,QGDP,TOT,PC_CHGPP,Q,2018-Q4,0.738773543,
CZE,QGDP,TOT,PC_CHGPP,Q,2019-Q1,0.911971974,
CZE,QGDP,TOT,PC_CHGPP,Q,2019-Q2,0.673307922,
CZE,QGDP,TOT,PC_CHGPP,Q,2019-Q3,0.671601571,
CZE,QGDP,TOT,PC_CHGPP,Q,2019-Q4,0.483390672,
CZE,QGDP,TOT,PC_CHGPP,Q,2020-Q1,-3.242594973,
CZE,QGDP,TOT,PC_CHGPP,Q,2020-Q2,-8.848739463,
CZE,QGDP,TOT,PC_CHGPP,Q,2020-Q3,6.953208665,
CZE,QGDP,TOT,PC_CHGPP,Q,2020-Q4,1.140550376,
CZE,QGDP,TOT,PC_CHGPP,Q,2021-Q1,-0.495155357,
CZE,QGDP,TOT,PC_CHGPP,Q,2021-Q2,1.389823598,
CZE,QGDP,TOT,PC_CHGPP,Q,2021-Q3,1.697764004,
CZE,QGDP,TOT,PC_CHGPP,Q,2021-Q4,0.849939884,
CZE,QGDP,TOT,PC_CHGPP,Q,2022-Q1,0.647410622,
CZE,QGDP,TOT,PC_CHGPP,Q,2022-Q2,0.27533313,
CZE,QGDP,TOT,PC_CHGPP,Q,2022-Q3,-0.317702462,
CZE,QGDP,TOT,PC_CHGPP,Q,2022-Q4,-0.363482601,
POL,QGDP,TOT,PC_CHGPP,Q,2018-Q4,0.981563471,
POL,QGDP,TOT,PC_CHGPP,Q,2019-Q1,1.394995845,
POL,QGDP,TOT,PC_CHGPP,Q,2019-Q2,0.904398233,
POL,QGDP,TOT,PC_CHGPP,Q,2019-Q3,0.74318166,
POL,QGDP,TOT,PC_CHGPP,Q,2019-Q4,0.653723822,
POL,QGDP,TOT,PC_CHGPP,Q,2020-Q1,0.740482537,
POL,QGDP,TOT,PC_CHGPP,Q,2020-Q2,-9.20559796,
POL,QGDP,TOT,PC_CHGPP,Q,2020-Q3,6.761717909,
POL,QGDP,TOT,PC_CHGPP,Q,2020-Q4,0.121471225,
POL,QGDP,TOT,PC_CHGPP,Q,2021-Q1,2.571794875,
POL,QGDP,TOT,PC_CHGPP,Q,2021-Q2,2.173567115,
POL,QGDP,TOT,PC_CHGPP,Q,2021-Q3,2.088769567,
POL,QGDP,TOT,PC_CHGPP,Q,2021-Q4,1.634625676,
POL,QGDP,TOT,PC_CHGPP,Q,2022-Q1,4.255502011,
POL,QGDP,TOT,PC_CHGPP,Q,2022-Q2,-2.335642348,
POL,QGDP,TOT,PC_CHGPP,Q,2022-Q3,0.958997775,
POL,QGDP,TOT,PC_CHGPP,Q,2022-Q4,-2.400004845,
DEU,QGDP,TOT,PC_CHGPP,Q,2018-Q4,0.794634591,
DEU,QGDP,TOT,PC_CHGPP,Q,2019-Q1,0.71562698,P
DEU,QGDP,TOT,PC_CHGPP,Q,2019-Q2,-0.167744144,P
DEU,QGDP,TOT,PC_CHGPP,Q,2019-Q3,0.112016509,P
DEU,QGDP,TOT,PC_CHGPP,Q,2019-Q4,0.261074062,P
DEU,QGDP,TOT,PC_CHGPP,Q,2020-Q1,-1.422765492,P
DEU,QGDP,TOT,PC_CHGPP,Q,2020-Q2,-9.481133512,P
DEU,QGDP,TOT,PC_CHGPP,Q,2020-Q3,9.004694909,P
DEU,QGDP,TOT,PC_CHGPP,Q,2020-Q4,0.621471543,P
DEU,QGDP,TOT,PC_CHGPP,Q,2021-Q1,-1.468048603,P
DEU,QGDP,TOT,PC_CHGPP,Q,2021-Q2,1.928643933,P
DEU,QGDP,TOT,PC_CHGPP,Q,2021-Q3,0.785236875,P
DEU,QGDP,TOT,PC_CHGPP,Q,2021-Q4,-0.02815511,P
DEU,QGDP,TOT,PC_CHGPP,Q,2022-Q1,0.798165444,P
DEU,QGDP,TOT,PC_CHGPP,Q,2022-Q2,0.102467306,P
DEU,QGDP,TOT,PC_CHGPP,Q,2022-Q3,0.474595209,P
DEU,QGDP,TOT,PC_CHGPP,Q,2022-Q4,-0.435311131,P
IDN,QGDP,TOT,PC_CHGPP,Q,2018-Q4,1.265040486,
IDN,QGDP,TOT,PC_CHGPP,Q,2019-Q1,1.236642814,
IDN,QGDP,TOT,PC_CHGPP,Q,2019-Q2,1.243246794,
IDN,QGDP,TOT,PC_CHGPP,Q,2019-Q3,1.194572399,
IDN,QGDP,TOT,PC_CHGPP,Q,2019-Q4,1.066738103,
IDN,QGDP,TOT,PC_CHGPP,Q,2020-Q1,-0.655186031,
IDN,QGDP,TOT,PC_CHGPP,Q,2020-Q2,-6.944950312,
IDN,QGDP,TOT,PC_CHGPP,Q,2020-Q3,3.350092263,
IDN,QGDP,TOT,PC_CHGPP,Q,2020-Q4,2.405581464,
IDN,QGDP,TOT,PC_CHGPP,Q,2021-Q1,1.000447045,
IDN,QGDP,TOT,PC_CHGPP,Q,2021-Q2,0.233900409,
IDN,QGDP,TOT,PC_CHGPP,Q,2021-Q3,0.109026297,
IDN,QGDP,TOT,PC_CHGPP,Q,2021-Q4,3.276353595,
IDN,QGDP,TOT,PC_CHGPP,Q,2022-Q1,1.077360185,
IDN,QGDP,TOT,PC_CHGPP,Q,2022-Q2,0.920544314,
IDN,QGDP,TOT,PC_CHGPP,Q,2022-Q3,0.700981909,
IDN,QGDP,TOT,PC_CHGPP,Q,2022-Q4,2.162301337,
LUX,QGDP,TOT,PC_CHGPP,Q,2018-Q4,0.342425415,
LUX,QGDP,TOT,PC_CHGPP,Q,2019-Q1,0.305440693,
LUX,QGDP,TOT,PC_CHGPP,Q,2019-Q2,1.761085703,
LUX,QGDP,TOT,PC_CHGPP,Q,2019-Q3,-0.009661553,
LUX,QGDP,TOT,PC_CHGPP,Q,2019-Q4,0.506468116,
LUX,QGDP,TOT,PC_CHGPP,Q,2020-Q1,-1.233812646,
LUX,QGDP,TOT,PC_CHGPP,Q,2020-Q2,-5.559299793,
LUX,QGDP,TOT,PC_CHGPP,Q,2020-Q3,8.290337456,
LUX,QGDP,TOT,PC_CHGPP,Q,2020-Q4,-0.368679044,
LUX,QGDP,TOT,PC_CHGPP,Q,2021-Q1,2.021735062,
LUX,QGDP,TOT,PC_CHGPP,Q,2021-Q2,0.581737437,
LUX,QGDP,TOT,PC_CHGPP,Q,2021-Q3,-0.194103088,
LUX,QGDP,TOT,PC_CHGPP,Q,2021-Q4,1.633183727,
LUX,QGDP,TOT,PC_CHGPP,Q,2022-Q1,0.745967202,P
LUX,QGDP,TOT,PC_CHGPP,Q,2022-Q2,-0.497233163,P
LUX,QGDP,TOT,PC_CHGPP,Q,2022-Q3,1.110320251,P
ZAF,QGDP,TOT,PC_CHGPP,Q,2018-Q4,0.352776575,
ZAF,QGDP,TOT,PC_CHGPP,Q,2019-Q1,-0.905936171,
ZAF,QGDP,TOT,PC_CHGPP,Q,2019-Q2,0.408283926,
ZAF,QGDP,TOT,PC_CHGPP,Q,2019-Q3,0.138505833,
ZAF,QGDP,TOT,PC_CHGPP,Q,2019-Q4,-0.034571232,
ZAF,QGDP,TOT,PC_CHGPP,Q,2020-Q1,0.000695682,
ZAF,QGDP,TOT,PC_CHGPP,Q,2020-Q2,-17.094183366,
ZAF,QGDP,TOT,PC_CHGPP,Q,2020-Q3,13.764967337,
ZAF,QGDP,TOT,PC_CHGPP,Q,2020-Q4,2.696950399,
ZAF,QGDP,TOT,PC_CHGPP,Q,2021-Q1,0.822924303,
ZAF,QGDP,TOT,PC_CHGPP,Q,2021-Q2,1.387912495,
ZAF,QGDP,TOT,PC_CHGPP,Q,2021-Q3,-1.801676582,
ZAF,QGDP,TOT,PC_CHGPP,Q,2021-Q4,1.369403562,
ZAF,QGDP,TOT,PC_CHGPP,Q,2022-Q1,1.591799411,
ZAF,QGDP,TOT,PC_CHGPP,Q,2022-Q2,-0.795672523,
ZAF,QGDP,TOT,PC_CHGPP,Q,2022-Q3,1.819612486,
ZAF,QGDP,TOT,PC_CHGPP,Q,2022-Q4,-1.252836804,
RUS,QGDP,TOT,PC_CHGPP,Q,2018-Q4,0.663966548,
RUS,QGDP,TOT,PC_CHGPP,Q,2019-Q1,-0.038077851,
RUS,QGDP,TOT,PC_CHGPP,Q,2019-Q2,2.261719554,
RUS,QGDP,TOT,PC_CHGPP,Q,2019-Q3,-0.978355601,
RUS,QGDP,TOT,PC_CHGPP,Q,2019-Q4,-0.452487734,
RUS,QGDP,TOT,PC_CHGPP,Q,2020-Q1,-0.196323318,
RUS,QGDP,TOT,PC_CHGPP,Q,2020-Q2,-4.485002074,
RUS,QGDP,TOT,PC_CHGPP,Q,2020-Q3,2.7780786,
RUS,QGDP,TOT,PC_CHGPP,Q,2020-Q4,0.739743224,
RUS,QGDP,TOT,PC_CHGPP,Q,2021-Q1,0.680789326,
RUS,QGDP,TOT,PC_CHGPP,Q,2021-Q2,3.190933741,
RUS,QGDP,TOT,PC_CHGPP,Q,2021-Q3,-0.794505895,
PRT,QGDP,TOT,PC_CHGPP,Q,2018-Q4,0.608994992,
PRT,QGDP,TOT,PC_CHGPP,Q,2019-Q1,0.882987755,
PRT,QGDP,TOT,PC_CHGPP,Q,2019-Q2,0.571006817,
PRT,QGDP,TOT,PC_CHGPP,Q,2019-Q3,0.451880731,
PRT,QGDP,TOT,PC_CHGPP,Q,2019-Q4,0.820784598,
PRT,QGDP,TOT,PC_CHGPP,Q,2020-Q1,-4.355487705,
PRT,QGDP,TOT,PC_CHGPP,Q,2020-Q2,-15.119496961,
PRT,QGDP,TOT,PC_CHGPP,Q,2020-Q3,14.588001222,
PRT,QGDP,TOT,PC_CHGPP,Q,2020-Q4,0.370563245,
PRT,QGDP,TOT,PC_CHGPP,Q,2021-Q1,-2.559961929,P
PRT,QGDP,TOT,PC_CHGPP,Q,2021-Q2,4.426176806,P
PRT,QGDP,TOT,PC_CHGPP,Q,2021-Q3,2.802832825,P
PRT,QGDP,TOT,PC_CHGPP,Q,2021-Q4,1.927323082,P
PRT,QGDP,TOT,PC_CHGPP,Q,2022-Q1,2.25545833,P
PRT,QGDP,TOT,PC_CHGPP,Q,2022-Q2,0.239796715,P
PRT,QGDP,TOT,PC_CHGPP,Q,2022-Q3,0.349939258,P
PRT,QGDP,TOT,PC_CHGPP,Q,2022-Q4,0.338846094,P
ITA,QGDP,TOT,PC_CHGPP,Q,2018-Q4,0.291912901,
ITA,QGDP,TOT,PC_CHGPP,Q,2019-Q1,0.189599102,
ITA,QGDP,TOT,PC_CHGPP,Q,2019-Q2,0.21554746,
ITA,QGDP,TOT,PC_CHGPP,Q,2019-Q3,0.061782352,
ITA,QGDP,TOT,PC_CHGPP,Q,2019-Q4,-0.800828794,
ITA,QGDP,TOT,PC_CHGPP,Q,2020-Q1,-5.780682539,
ITA,QGDP,TOT,PC_CHGPP,Q,2020-Q2,-12.071695945,
ITA,QGDP,TOT,PC_CHGPP,Q,2020-Q3,14.251541927,
ITA,QGDP,TOT,PC_CHGPP,Q,2020-Q4,-0.687573353,
ITA,QGDP,TOT,PC_CHGPP,Q,2021-Q1,0.478026943,
ITA,QGDP,TOT,PC_CHGPP,Q,2021-Q2,2.417697538,
ITA,QGDP,TOT,PC_CHGPP,Q,2021-Q3,2.901945924,
ITA,QGDP,TOT,PC_CHGPP,Q,2021-Q4,0.925439552,
ITA,QGDP,TOT,PC_CHGPP,Q,2022-Q1,0.129885374,
ITA,QGDP,TOT,PC_CHGPP,Q,2022-Q2,1.030937132,
ITA,QGDP,TOT,PC_CHGPP,Q,2022-Q3,0.397286669,
ITA,QGDP,TOT,PC_CHGPP,Q,2022-Q4,-0.130871434,
AUT,QGDP,TOT,PC_CHGPP,Q,2018-Q4,1.161232388,
AUT,QGDP,TOT,PC_CHGPP,Q,2019-Q1,0.524885674,
AUT,QGDP,TOT,PC_CHGPP,Q,2019-Q2,-0.463853083,
AUT,QGDP,TOT,PC_CHGPP,Q,2019-Q3,0.572812516,
AUT,QGDP,TOT,PC_CHGPP,Q,2019-Q4,-0.526095986,
AUT,QGDP,TOT,PC_CHGPP,Q,2020-Q1,-2.459992972,
AUT,QGDP,TOT,PC_CHGPP,Q,2020-Q2,-11.431778628,
AUT,QGDP,TOT,PC_CHGPP,Q,2020-Q3,11.353646415,
AUT,QGDP,TOT,PC_CHGPP,Q,2020-Q4,-1.738626805,
AUT,QGDP,TOT,PC_CHGPP,Q,2021-Q1,-1.265851186,
AUT,QGDP,TOT,PC_CHGPP,Q,2021-Q2,4.128453288,
AUT,QGDP,TOT,PC_CHGPP,Q,2021-Q3,4.244865631,
AUT,QGDP,TOT,PC_CHGPP,Q,2021-Q4,-0.756046042,
AUT,QGDP,TOT,PC_CHGPP,Q,2022-Q1,0.81305257,
AUT,QGDP,TOT,PC_CHGPP,Q,2022-Q2,2.074010506,
AUT,QGDP,TOT,PC_CHGPP,Q,2022-Q3,0.093540029,
AUT,QGDP,TOT,PC_CHGPP,Q,2022-Q4,-0.035258732,
IRL,QGDP,TOT,PC_CHGPP,Q,2018-Q4,1.018265299,
IRL,QGDP,TOT,PC_CHGPP,Q,2019-Q1,1.578675756,
IRL,QGDP,TOT,PC_CHGPP,Q,2019-Q2,1.638893287,
IRL,QGDP,TOT,PC_CHGPP,Q,2019-Q3,1.797858,
IRL,QGDP,TOT,PC_CHGPP,Q,2019-Q4,1.270226501,
IRL,QGDP,TOT,PC_CHGPP,Q,2020-Q1,2.678829838,
IRL,QGDP,TOT,PC_CHGPP,Q,2020-Q2,-5.588505324,
IRL,QGDP,TOT,PC_CHGPP,Q,2020-Q3,12.880212689,
IRL,QGDP,TOT,PC_CHGPP,Q,2020-Q4,-4.759692389,
IRL,QGDP,TOT,PC_CHGPP,Q,2021-Q1,9.127466138,
IRL,QGDP,TOT,PC_CHGPP,Q,2021-Q2,1.91322289,
IRL,QGDP,TOT,PC_CHGPP,Q,2021-Q3,3.77077569,
IRL,QGDP,TOT,PC_CHGPP,Q,2021-Q4,-1.262947995,
IRL,QGDP,TOT,PC_CHGPP,Q,2022-Q1,7.188414686,
IRL,QGDP,TOT,PC_CHGPP,Q,2022-Q2,2.281044509,
IRL,QGDP,TOT,PC_CHGPP,Q,2022-Q3,2.844614877,
IRL,QGDP,TOT,PC_CHGPP,Q,2022-Q4,0.304551635,
CHE,QGDP,TOT,PC_CHGPP,Q,2018-Q4,0.276382389,
CHE,QGDP,TOT,PC_CHGPP,Q,2019-Q1,0.134363588,
CHE,QGDP,TOT,PC_CHGPP,Q,2019-Q2,0.432001228,
CHE,QGDP,TOT,PC_CHGPP,Q,2019-Q3,0.53794494,
CHE,QGDP,TOT,PC_CHGPP,Q,2019-Q4,0.598778802,
CHE,QGDP,TOT,PC_CHGPP,Q,2020-Q1,-1.505430657,
CHE,QGDP,TOT,PC_CHGPP,Q,2020-Q2,-7.055715635,
CHE,QGDP,TOT,PC_CHGPP,Q,2020-Q3,7.270475534,
CHE,QGDP,TOT,PC_CHGPP,Q,2020-Q4,0.345350051,
CHE,QGDP,TOT,PC_CHGPP,Q,2021-Q1,-0.139170746,
CHE,QGDP,TOT,PC_CHGPP,Q,2021-Q2,1.98738369,
CHE,QGDP,TOT,PC_CHGPP,Q,2021-Q3,1.711542445,
CHE,QGDP,TOT,PC_CHGPP,Q,2021-Q4,0.189981019,
CHE,QGDP,TOT,PC_CHGPP,Q,2022-Q1,0.335839799,
CHE,QGDP,TOT,PC_CHGPP,Q,2022-Q2,0.290925818,
CHE,QGDP,TOT,PC_CHGPP,Q,2022-Q3,0.161906067,
CHE,QGDP,TOT,PC_CHGPP,Q,2022-Q4,0.026388506,
NZL,QGDP,TOT,PC_CHGPP,Q,2018-Q4,1.291419131,
NZL,QGDP,TOT,PC_CHGPP,Q,2019-Q1,0.633556542,
NZL,QGDP,TOT,PC_CHGPP,Q,2019-Q2,0.610867837,
NZL,QGDP,TOT,PC_CHGPP,Q,2019-Q3,0.926227096,
NZL,QGDP,TOT,PC_CHGPP,Q,2019-Q4,0.451190129,
NZL,QGDP,TOT,PC_CHGPP,Q,2020-Q1,-1.052631579,
NZL,QGDP,TOT,PC_CHGPP,Q,2020-Q2,-10.136491369,
NZL,QGDP,TOT,PC_CHGPP,Q,2020-Q3,14.144086871,
NZL,QGDP,TOT,PC_CHGPP,Q,2020-Q4,-0.555446841,
NZL,QGDP,TOT,PC_CHGPP,Q,2021-Q1,2.084342456,
NZL,QGDP,TOT,PC_CHGPP,Q,2021-Q2,2.370961285,
NZL,QGDP,TOT,PC_CHGPP,Q,2021-Q3,-3.883256083,
NZL,QGDP,TOT,PC_CHGPP,Q,2021-Q4,2.857185913,
NZL,QGDP,TOT,PC_CHGPP,Q,2022-Q1,-0.43952824,
NZL,QGDP,TOT,PC_CHGPP,Q,2022-Q2,1.885071003,
NZL,QGDP,TOT,PC_CHGPP,Q,2022-Q3,2.014847767,
CHN,QGDP,TOT,PC_CHGPP,Q,2018-Q4,1.4,
CHN,QGDP,TOT,PC_CHGPP,Q,2019-Q1,1.7,
CHN,QGDP,TOT,PC_CHGPP,Q,2019-Q2,1.4,
CHN,QGDP,TOT,PC_CHGPP,Q,2019-Q3,1.3,
CHN,QGDP,TOT,PC_CHGPP,Q,2019-Q4,1.1,
CHN,QGDP,TOT,PC_CHGPP,Q,2020-Q1,-10.1,
CHN,QGDP,TOT,PC_CHGPP,Q,2020-Q2,11.6,
CHN,QGDP,TOT,PC_CHGPP,Q,2020-Q3,3.2,
CHN,QGDP,TOT,PC_CHGPP,Q,2020-Q4,2.4,
CHN,QGDP,TOT,PC_CHGPP,Q,2021-Q1,0.8,
CHN,QGDP,TOT,PC_CHGPP,Q,2021-Q2,1.4,
CHN,QGDP,TOT,PC_CHGPP,Q,2021-Q3,0.4,
CHN,QGDP,TOT,PC_CHGPP,Q,2021-Q4,1.3,
CHN,QGDP,TOT,PC_CHGPP,Q,2022-Q1,1.6,
CHN,QGDP,TOT,PC_CHGPP,Q,2022-Q2,-2.7,
CHN,QGDP,TOT,PC_CHGPP,Q,2022-Q3,3.9,
CHN,QGDP,TOT,PC_CHGPP,Q,2022-Q4,0,
CHL,QGDP,TOT,PC_CHGPP,Q,2018-Q4,1.187413119,
CHL,QGDP,TOT,PC_CHGPP,Q,2019-Q1,-0.068093582,
CHL,QGDP,TOT,PC_CHGPP,Q,2019-Q2,0.878283505,
CHL,QGDP,TOT,PC_CHGPP,Q,2019-Q3,0.334615464,
CHL,QGDP,TOT,PC_CHGPP,Q,2019-Q4,-3.941958839,
CHL,QGDP,TOT,PC_CHGPP,Q,2020-Q1,2.241782344,
CHL,QGDP,TOT,PC_CHGPP,Q,2020-Q2,-12.951958514,
CHL,QGDP,TOT,PC_CHGPP,Q,2020-Q3,5.451150931,
CHL,QGDP,TOT,PC_CHGPP,Q,2020-Q4,6.665278172,
CHL,QGDP,TOT,PC_CHGPP,Q,2021-Q1,3.663587692,
CHL,QGDP,TOT,PC_CHGPP,Q,2021-Q2,1.348715839,
CHL,QGDP,TOT,PC_CHGPP,Q,2021-Q3,4.611339688,
CHL,QGDP,TOT,PC_CHGPP,Q,2021-Q4,1.692121555,
CHL,QGDP,TOT,PC_CHGPP,Q,2022-Q1,-0.686220584,
CHL,QGDP,TOT,PC_CHGPP,Q,2022-Q2,0.138327182,
CHL,QGDP,TOT,PC_CHGPP,Q,2022-Q3,-1.180470028,
SWE,QGDP,TOT,PC_CHGPP,Q,2018-Q4,1.332593219,
SWE,QGDP,TOT,PC_CHGPP,Q,2019-Q1,0.525050926,
SWE,QGDP,TOT,PC_CHGPP,Q,2019-Q2,0.60852512,
SWE,QGDP,TOT,PC_CHGPP,Q,2019-Q3,0.12446912,
SWE,QGDP,TOT,PC_CHGPP,Q,2019-Q4,0.469079621,
SWE,QGDP,TOT,PC_CHGPP,Q,2020-Q1,-0.227145585,
SWE,QGDP,TOT,PC_CHGPP,Q,2020-Q2,-8.068459658,
SWE,QGDP,TOT,PC_CHGPP,Q,2020-Q3,7.307984119,
SWE,QGDP,TOT,PC_CHGPP,Q,2020-Q4,0.15176981,
SWE,QGDP,TOT,PC_CHGPP,Q,2021-Q1,1.503150233,
SWE,QGDP,TOT,PC_CHGPP,Q,2021-Q2,0.843160841,
SWE,QGDP,TOT,PC_CHGPP,Q,2021-Q3,1.786602156,
SWE,QGDP,TOT,PC_CHGPP,Q,2021-Q4,2.124998357,
SWE,QGDP,TOT,PC_CHGPP,Q,2022-Q1,-0.185678118,
SWE,QGDP,TOT,PC_CHGPP,Q,2022-Q2,0.20722605,
SWE,QGDP,TOT,PC_CHGPP,Q,2022-Q3,0.343185225,
SWE,QGDP,TOT,PC_CHGPP,Q,2022-Q4,-0.493889955,
FRA,QGDP,TOT,PC_CHGPP,Q,2018-Q4,0.587577886,
FRA,QGDP,TOT,PC_CHGPP,Q,2019-Q1,0.661908027,
FRA,QGDP,TOT,PC_CHGPP,Q,2019-Q2,0.697739281,
FRA,QGDP,TOT,PC_CHGPP,Q,2019-Q3,0.020414245,
FRA,QGDP,TOT,PC_CHGPP,Q,2019-Q4,-0.256425115,
FRA,QGDP,TOT,PC_CHGPP,Q,2020-Q1,-5.582248653,
FRA,QGDP,TOT,PC_CHGPP,Q,2020-Q2,-13.574172362,
FRA,QGDP,TOT,PC_CHGPP,Q,2020-Q3,18.423649127,
FRA,QGDP,TOT,PC_CHGPP,Q,2020-Q4,-0.914073346,
FRA,QGDP,TOT,PC_CHGPP,Q,2021-Q1,0.057077156,
FRA,QGDP,TOT,PC_CHGPP,Q,2021-Q2,1.066066729,
FRA,QGDP,TOT,PC_CHGPP,Q,2021-Q3,3.344041374,
FRA,QGDP,TOT,PC_CHGPP,Q,2021-Q4,0.579475884,
FRA,QGDP,TOT,PC_CHGPP,Q,2022-Q1,-0.226964214,
FRA,QGDP,TOT,PC_CHGPP,Q,2022-Q2,0.502081867,
FRA,QGDP,TOT,PC_CHGPP,Q,2022-Q3,0.168420781,
FRA,QGDP,TOT,PC_CHGPP,Q,2022-Q4,0.075117737,
GRC,QGDP,TOT,PC_CHGPP,Q,2018-Q4,0.678492799,
GRC,QGDP,TOT,PC_CHGPP,Q,2019-Q1,0.790291376,
GRC,QGDP,TOT,PC_CHGPP,Q,2019-Q2,1.054076259,
GRC,QGDP,TOT,PC_CHGPP,Q,2019-Q3,-0.412214327,
GRC,QGDP,TOT,PC_CHGPP,Q,2019-Q4,-0.298349768,
GRC,QGDP,TOT,PC_CHGPP,Q,2020-Q1,-1.882491837,P
GRC,QGDP,TOT,PC_CHGPP,Q,2020-Q2,-13.358366043,P
GRC,QGDP,TOT,PC_CHGPP,Q,2020-Q3,5.290651885,P
GRC,QGDP,TOT,PC_CHGPP,Q,2020-Q4,4.06374153,P
GRC,QGDP,TOT,PC_CHGPP,Q,2021-Q1,3.284195388,P
GRC,QGDP,TOT,PC_CHGPP,Q,2021-Q2,1.296258402,P
GRC,QGDP,TOT,PC_CHGPP,Q,2021-Q3,3.239217484,P
GRC,QGDP,TOT,PC_CHGPP,Q,2021-Q4,0.525233215,P
GRC,QGDP,TOT,PC_CHGPP,Q,2022-Q1,2.232993743,P
GRC,QGDP,TOT,PC_CHGPP,Q,2022-Q2,1.110114325,P
GRC,QGDP,TOT,PC_CHGPP,Q,2022-Q3,0.443317289,P
GRC,QGDP,TOT,PC_CHGPP,Q,2022-Q4,1.36596517,P
OECDE,QGDP,TOT,PC_CHGPP,Q,2018-Q4,0.256833,
OECDE,QGDP,TOT,PC_CHGPP,Q,2019-Q1,0.758835,
OECDE,QGDP,TOT,PC_CHGPP,Q,2019-Q2,0.526711,
OECDE,QGDP,TOT,PC_CHGPP,Q,2019-Q3,0.308016,
OECDE,QGDP,TOT,PC_CHGPP,Q,2019-Q4,0.216043,
OECDE,QGDP,TOT,PC_CHGPP,Q,2020-Q1,-2.592139,
OECDE,QGDP,TOT,PC_CHGPP,Q,2020-Q2,-12.170916,
OECDE,QGDP,TOT,PC_CHGPP,Q,2020-Q3,12.335271,
OECDE,QGDP,TOT,PC_CHGPP,Q,2020-Q4,0.178129,
OECDE,QGDP,TOT,PC_CHGPP,Q,2021-Q1,0.235631,
OECDE,QGDP,TOT,PC_CHGPP,Q,2021-Q2,2.476846,
OECDE,QGDP,TOT,PC_CHGPP,Q,2021-Q3,2.205811,
OECDE,QGDP,TOT,PC_CHGPP,Q,2021-Q4,0.94421,
OECDE,QGDP,TOT,PC_CHGPP,Q,2022-Q1,0.724174,
OECDE,QGDP,TOT,PC_CHGPP,Q,2022-Q2,0.676928,
OECDE,QGDP,TOT,PC_CHGPP,Q,2022-Q3,0.262859,
G-7,QGDP,TOT,PC_CHGPP,Q,2018-Q4,0.25792,
G-7,QGDP,TOT,PC_CHGPP,Q,2019-Q1,0.493235,
G-7,QGDP,TOT,PC_CHGPP,Q,2019-Q2,0.478646,
G-7,QGDP,TOT,PC_CHGPP,Q,2019-Q3,0.556544,
G-7,QGDP,TOT,PC_CHGPP,Q,2019-Q4,-0.155876,
G-7,QGDP,TOT,PC_CHGPP,Q,2020-Q1,-1.803243,
G-7,QGDP,TOT,PC_CHGPP,Q,2020-Q2,-10.195969,
G-7,QGDP,TOT,PC_CHGPP,Q,2020-Q3,9.493696,
G-7,QGDP,TOT,PC_CHGPP,Q,2020-Q4,0.855263,
G-7,QGDP,TOT,PC_CHGPP,Q,2021-Q1,0.607641,
G-7,QGDP,TOT,PC_CHGPP,Q,2021-Q2,1.805181,
G-7,QGDP,TOT,PC_CHGPP,Q,2021-Q3,1.010322,
G-7,QGDP,TOT,PC_CHGPP,Q,2021-Q4,1.283633,
G-7,QGDP,TOT,PC_CHGPP,Q,2022-Q1,-0.127141,
G-7,QGDP,TOT,PC_CHGPP,Q,2022-Q2,0.221284,
G-7,QGDP,TOT,PC_CHGPP,Q,2022-Q3,0.482198,
G-7,QGDP,TOT,PC_CHGPP,Q,2022-Q4,0.296042,
G-20,QGDP,TOT,PC_CHGPP,Q,2018-Q4,0.61497,
G-20,QGDP,TOT,PC_CHGPP,Q,2019-Q1,0.78607,
G-20,QGDP,TOT,PC_CHGPP,Q,2019-Q2,0.92221,
G-20,QGDP,TOT,PC_CHGPP,Q,2019-Q3,0.52433,
G-20,QGDP,TOT,PC_CHGPP,Q,2019-Q4,0.28905,
G-20,QGDP,TOT,PC_CHGPP,Q,2020-Q1,-3.16325,
G-20,QGDP,TOT,PC_CHGPP,Q,2020-Q2,-6.22122,
G-20,QGDP,TOT,PC_CHGPP,Q,2020-Q3,7.9128,
G-20,QGDP,TOT,PC_CHGPP,Q,2020-Q4,1.67119,
G-20,QGDP,TOT,PC_CHGPP,Q,2021-Q1,0.81356,
G-20,QGDP,TOT,PC_CHGPP,Q,2021-Q2,1.53526,
G-20,QGDP,TOT,PC_CHGPP,Q,2021-Q3,0.88934,
G-20,QGDP,TOT,PC_CHGPP,Q,2021-Q4,1.4,
G-20,QGDP,TOT,PC_CHGPP,Q,2022-Q1,0.7,
G-20,QGDP,TOT,PC_CHGPP,Q,2022-Q2,-0.2,
G-20,QGDP,TOT,PC_CHGPP,Q,2022-Q3,1.4,
G-20,QGDP,TOT,PC_CHGPP,Q,2022-Q4,0.3,
COL,QGDP,TOT,PC_CHGPP,Q,2018-Q4,0.831493064,
COL,QGDP,TOT,PC_CHGPP,Q,2019-Q1,0.862556601,
COL,QGDP,TOT,PC_CHGPP,Q,2019-Q2,0.812758522,
COL,QGDP,TOT,PC_CHGPP,Q,2019-Q3,0.476618211,
COL,QGDP,TOT,PC_CHGPP,Q,2019-Q4,0.982908682,
COL,QGDP,TOT,PC_CHGPP,Q,2020-Q1,-2.100536723,
COL,QGDP,TOT,PC_CHGPP,Q,2020-Q2,-16.083750345,
COL,QGDP,TOT,PC_CHGPP,Q,2020-Q3,9.57457238,
COL,QGDP,TOT,PC_CHGPP,Q,2020-Q4,7.312215358,
COL,QGDP,TOT,PC_CHGPP,Q,2021-Q1,3.765342631,
COL,QGDP,TOT,PC_CHGPP,Q,2021-Q2,-2.784369655,
COL,QGDP,TOT,PC_CHGPP,Q,2021-Q3,4.631918268,
COL,QGDP,TOT,PC_CHGPP,Q,2021-Q4,5.351605222,
COL,QGDP,TOT,PC_CHGPP,Q,2022-Q1,0.571924533,
COL,QGDP,TOT,PC_CHGPP,Q,2022-Q2,1.141692238,
COL,QGDP,TOT,PC_CHGPP,Q,2022-Q3,0.465081046,
COL,QGDP,TOT,PC_CHGPP,Q,2022-Q4,0.667469996,
EA19,QGDP,TOT,PC_CHGPP,Q,2018-Q4,0.643998,
EA19,QGDP,TOT,PC_CHGPP,Q,2019-Q1,0.624816,
EA19,QGDP,TOT,PC_CHGPP,Q,2019-Q2,0.309118,
EA19,QGDP,TOT,PC_CHGPP,Q,2019-Q3,0.217288,
EA19,QGDP,TOT,PC_CHGPP,Q,2019-Q4,0.022159,
EA19,QGDP,TOT,PC_CHGPP,Q,2020-Q1,-3.361388,
EA19,QGDP,TOT,PC_CHGPP,Q,2020-Q2,-11.464211,
EA19,QGDP,TOT,PC_CHGPP,Q,2020-Q3,12.363239,
EA19,QGDP,TOT,PC_CHGPP,Q,2020-Q4,-0.257669,
EA19,QGDP,TOT,PC_CHGPP,Q,2021-Q1,-0.035988,
EA19,QGDP,TOT,PC_CHGPP,Q,2021-Q2,1.967983,
EA19,QGDP,TOT,PC_CHGPP,Q,2021-Q3,2.279179,
EA19,QGDP,TOT,PC_CHGPP,Q,2021-Q4,0.556224,
EA19,QGDP,TOT,PC_CHGPP,Q,2022-Q1,0.614417,
EA19,QGDP,TOT,PC_CHGPP,Q,2022-Q2,0.878399,
EA19,QGDP,TOT,PC_CHGPP,Q,2022-Q3,0.370305,
EA19,QGDP,TOT,PC_CHGPP,Q,2022-Q4,-0.031901,
LTU,QGDP,TOT,PC_CHGPP,Q,2018-Q4,1.470955119,
LTU,QGDP,TOT,PC_CHGPP,Q,2019-Q1,1.440898242,
LTU,QGDP,TOT,PC_CHGPP,Q,2019-Q2,1.387459184,
LTU,QGDP,TOT,PC_CHGPP,Q,2019-Q3,0.209166221,
LTU,QGDP,TOT,PC_CHGPP,Q,2019-Q4,1.283163652,
LTU,QGDP,TOT,PC_CHGPP,Q,2020-Q1,-0.304913805,
LTU,QGDP,TOT,PC_CHGPP,Q,2020-Q2,-5.2598093,
LTU,QGDP,TOT,PC_CHGPP,Q,2020-Q3,6.067886194,
LTU,QGDP,TOT,PC_CHGPP,Q,2020-Q4,0.27864302,
LTU,QGDP,TOT,PC_CHGPP,Q,2021-Q1,1.763466513,
LTU,QGDP,TOT,PC_CHGPP,Q,2021-Q2,1.494932583,
LTU,QGDP,TOT,PC_CHGPP,Q,2021-Q3,1.519911438,
LTU,QGDP,TOT,PC_CHGPP,Q,2021-Q4,1.265738835,
LTU,QGDP,TOT,PC_CHGPP,Q,2022-Q1,0.178141131,
LTU,QGDP,TOT,PC_CHGPP,Q,2022-Q2,-0.719126788,
LTU,QGDP,TOT,PC_CHGPP,Q,2022-Q3,0.653289014,
LTU,QGDP,TOT,PC_CHGPP,Q,2022-Q4,-0.491355619,
SAU,QGDP,TOT,PC_CHGPP,Q,2018-Q4,1.23882036,
SAU,QGDP,TOT,PC_CHGPP,Q,2019-Q1,-1.401643482,
SAU,QGDP,TOT,PC_CHGPP,Q,2019-Q2,-0.009983224,
SAU,QGDP,TOT,PC_CHGPP,Q,2019-Q3,-0.114606113,
SAU,QGDP,TOT,PC_CHGPP,Q,2019-Q4,1.603847237,
SAU,QGDP,TOT,PC_CHGPP,Q,2020-Q1,-2.949058678,
SAU,QGDP,TOT,PC_CHGPP,Q,2020-Q2,-4.957660407,
SAU,QGDP,TOT,PC_CHGPP,Q,2020-Q3,1.359321523,
SAU,QGDP,TOT,PC_CHGPP,Q,2020-Q4,2.216717829,
SAU,QGDP,TOT,PC_CHGPP,Q,2021-Q1,-1.535258578,
SAU,QGDP,TOT,PC_CHGPP,Q,2021-Q2,1.771834299,
SAU,QGDP,TOT,PC_CHGPP,Q,2021-Q3,4.266683362,
SAU,QGDP,TOT,PC_CHGPP,Q,2021-Q4,2.382212793,
SAU,QGDP,TOT,PC_CHGPP,Q,2022-Q1,2.722177061,
SAU,QGDP,TOT,PC_CHGPP,Q,2022-Q2,1.093510707,
SAU,QGDP,TOT,PC_CHGPP,Q,2022-Q3,1.232127591,
SAU,QGDP,TOT,PC_CHGPP,Q,2022-Q4,1.307597966,
BGR,QGDP,TOT,PC_CHGPP,Q,2018-Q4,0.882619384,
BGR,QGDP,TOT,PC_CHGPP,Q,2019-Q1,1.252710362,
BGR,QGDP,TOT,PC_CHGPP,Q,2019-Q2,1.12275326,
BGR,QGDP,TOT,PC_CHGPP,Q,2019-Q3,0.18896226,
BGR,QGDP,TOT,PC_CHGPP,Q,2019-Q4,1.164232874,
BGR,QGDP,TOT,PC_CHGPP,Q,2020-Q1,-3.787286573,
BGR,QGDP,TOT,PC_CHGPP,Q,2020-Q2,-4.836149179,
BGR,QGDP,TOT,PC_CHGPP,Q,2020-Q3,3.59512034,
BGR,QGDP,TOT,PC_CHGPP,Q,2020-Q4,1.818895878,
BGR,QGDP,TOT,PC_CHGPP,Q,2021-Q1,2.749834233,
BGR,QGDP,TOT,PC_CHGPP,Q,2021-Q2,1.293447434,
BGR,QGDP,TOT,PC_CHGPP,Q,2021-Q3,1.9047517,
BGR,QGDP,TOT,PC_CHGPP,Q,2021-Q4,1.497653438,
BGR,QGDP,TOT,PC_CHGPP,Q,2022-Q1,0.358227922,P
BGR,QGDP,TOT,PC_CHGPP,Q,2022-Q2,0.736409628,P
BGR,QGDP,TOT,PC_CHGPP,Q,2022-Q3,0.58886592,P
BGR,QGDP,TOT,PC_CHGPP,Q,2022-Q4,0.607546365,P
ROU,QGDP,TOT,PC_CHGPP,Q,2018-Q4,0.924726315,
ROU,QGDP,TOT,PC_CHGPP,Q,2019-Q1,0.946556653,
ROU,QGDP,TOT,PC_CHGPP,Q,2019-Q2,0.871024547,
ROU,QGDP,TOT,PC_CHGPP,Q,2019-Q3,0.5466901,
ROU,QGDP,TOT,PC_CHGPP,Q,2019-Q4,0.573082597,
ROU,QGDP,TOT,PC_CHGPP,Q,2020-Q1,0.674789476,
ROU,QGDP,TOT,PC_CHGPP,Q,2020-Q2,-9.578229226,
ROU,QGDP,TOT,PC_CHGPP,Q,2020-Q3,3.660259494,
ROU,QGDP,TOT,PC_CHGPP,Q,2020-Q4,3.501792643,
ROU,QGDP,TOT,PC_CHGPP,Q,2021-Q1,2.029989561,P
ROU,QGDP,TOT,PC_CHGPP,Q,2021-Q2,1.825428569,P
ROU,QGDP,TOT,PC_CHGPP,Q,2021-Q3,0.831266585,P
ROU,QGDP,TOT,PC_CHGPP,Q,2021-Q4,0.6047209,P
ROU,QGDP,TOT,PC_CHGPP,Q,2022-Q1,1.307756036,P
ROU,QGDP,TOT,PC_CHGPP,Q,2022-Q2,1.224875279,P
ROU,QGDP,TOT,PC_CHGPP,Q,2022-Q3,1.225640316,P
ROU,QGDP,TOT,PC_CHGPP,Q,2022-Q4,1.044892648,P
EU27_2020,QGDP,TOT,PC_CHGPP,Q,2018-Q4,0.690351,
EU27_2020,QGDP,TOT,PC_CHGPP,Q,2019-Q1,0.663928,
EU27_2020,QGDP,TOT,PC_CHGPP,Q,2019-Q2,0.376611,
EU27_2020,QGDP,TOT,PC_CHGPP,Q,2019-Q3,0.261662,
EU27_2020,QGDP,TOT,PC_CHGPP,Q,2019-Q4,0.078628,
EU27_2020,QGDP,TOT,PC_CHGPP,Q,2020-Q1,-2.933287,
EU27_2020,QGDP,TOT,PC_CHGPP,Q,2020-Q2,-11.0785,
EU27_2020,QGDP,TOT,PC_CHGPP,Q,2020-Q3,11.486944,
EU27_2020,QGDP,TOT,PC_CHGPP,Q,2020-Q4,-0.079653,
EU27_2020,QGDP,TOT,PC_CHGPP,Q,2021-Q1,0.217613,
EU27_2020,QGDP,TOT,PC_CHGPP,Q,2021-Q2,1.92232,
EU27_2020,QGDP,TOT,PC_CHGPP,Q,2021-Q3,2.175005,
EU27_2020,QGDP,TOT,PC_CHGPP,Q,2021-Q4,0.743088,
EU27_2020,QGDP,TOT,PC_CHGPP,Q,2022-Q1,0.722018,
EU27_2020,QGDP,TOT,PC_CHGPP,Q,2022-Q2,0.723113,
EU27_2020,QGDP,TOT,PC_CHGPP,Q,2022-Q3,0.370608,
EU27_2020,QGDP,TOT,PC_CHGPP,Q,2022-Q4,-0.107487,
CRI,QGDP,TOT,PC_CHGPP,Q,2018-Q4,-0.571193964,
CRI,QGDP,TOT,PC_CHGPP,Q,2019-Q1,1.388812025,
CRI,QGDP,TOT,PC_CHGPP,Q,2019-Q2,1.509284673,
CRI,QGDP,TOT,PC_CHGPP,Q,2019-Q3,0.177699225,
CRI,QGDP,TOT,PC_CHGPP,Q,2019-Q4,0.710789562,
CRI,QGDP,TOT,PC_CHGPP,Q,2020-Q1,-0.703549416,
CRI,QGDP,TOT,PC_CHGPP,Q,2020-Q2,-7.838893841,
CRI,QGDP,TOT,PC_CHGPP,Q,2020-Q3,1.100788442,
CRI,QGDP,TOT,PC_CHGPP,Q,2020-Q4,3.373400144,
CRI,QGDP,TOT,PC_CHGPP,Q,2021-Q1,3.297992174,
CRI,QGDP,TOT,PC_CHGPP,Q,2021-Q2,2.135215196,
CRI,QGDP,TOT,PC_CHGPP,Q,2021-Q3,3.129766494,
CRI,QGDP,TOT,PC_CHGPP,Q,2021-Q4,0.881781374,
CRI,QGDP,TOT,PC_CHGPP,Q,2022-Q1,0.508604047,
CRI,QGDP,TOT,PC_CHGPP,Q,2022-Q2,0.849548698,
CRI,QGDP,TOT,PC_CHGPP,Q,2022-Q3,0.643137043,
CRI,QGDP,TOT,PC_CHGPP,Q,2022-Q4,0.306636271,
HRV,QGDP,TOT,PC_CHGPP,Q,2018-Q4,0.486810175,
HRV,QGDP,TOT,PC_CHGPP,Q,2019-Q1,2.038761887,
HRV,QGDP,TOT,PC_CHGPP,Q,2019-Q2,0.498896325,
HRV,QGDP,TOT,PC_CHGPP,Q,2019-Q3,-0.074159437,
HRV,QGDP,TOT,PC_CHGPP,Q,2019-Q4,-0.00503867,
HRV,QGDP,TOT,PC_CHGPP,Q,2020-Q1,-1.112957492,
HRV,QGDP,TOT,PC_CHGPP,Q,2020-Q2,-14.773621642,
HRV,QGDP,TOT,PC_CHGPP,Q,2020-Q3,5.771504371,
HRV,QGDP,TOT,PC_CHGPP,Q,2020-Q4,5.906389538,
HRV,QGDP,TOT,PC_CHGPP,Q,2021-Q1,7.159451459,P
HRV,QGDP,TOT,PC_CHGPP,Q,2021-Q2,0.511564993,P
HRV,QGDP,TOT,PC_CHGPP,Q,2021-Q3,2.368095708,P
HRV,QGDP,TOT,PC_CHGPP,Q,2021-Q4,2.051139907,P
HRV,QGDP,TOT,PC_CHGPP,Q,2022-Q1,2.423857531,P
HRV,QGDP,TOT,PC_CHGPP,Q,2022-Q2,1.328968643,P
HRV,QGDP,TOT,PC_CHGPP,Q,2022-Q3,-0.488398126,P
HRV,QGDP,TOT,PC_CHGPP,Q,2022-Q4,0.90637308,P